app_id,name,price_idr,positive,negative,rating_percentage,playtime_hours,genre,pc_level,header_image,short_description,total_reviews
730,Counter-Strike 2,0,4133703,846662,83.0,0.0,Action,2,,,4980365
2868840,Slay the Spire 2,399840,48063,1486,97.0,0.0,Indie,2,,,49549
3321460,Crimson Desert,1119840,0,0,0.0,0.0,Action,2,,,0
3065800,Marathon,639840,21924,2436,90.0,0.0,Action,2,,,24360
3764200,Resident Evil Requiem,1119840,76480,3187,96.0,0.0,Action,2,,,79667
2157830,John Carpenter's Toxic Commando,639840,2295,470,83.0,0.0,Action,2,,,2765
1144200,Ready or Not,799840,207238,36572,85.0,0.0,Action,2,,,243810
1172470,Apex Legends™,0,1025,552,65.0,0.0,Action,2,,,1577
1808500,ARC Raiders,639840,208678,55472,79.0,0.0,Action,2,,,264150
2852190,Monster Hunter Stories 3: Twisted Reflection,1119840,1178,392,75.0,0.0,Adventure,2,,,1570
1167630,Teardown,239840,108830,6947,94.0,0.0,Action,2,,,115777
2552430,KINGDOM HEARTS -HD 1.5+2.5 ReMIX-,399840,7269,898,89.0,0.0,Action,2,,,8167
4069520,Super Battle Golf,127840,3824,201,95.0,0.0,Casual,2,,,4025
2767030,Marvel Rivals,0,0,0,68.0,0.0,Action,2,,,0
1222670,The Sims™ 4,0,65302,17359,79.0,0.0,Adventure,2,,,82661
2778610,Over The Top: WWI,260160,3143,429,88.0,0.0,Action,2,,,3572
359550,Tom Clancy's Rainbow Six Siege,0,925569,308523,75.0,0.0,Action,2,,,1234092
553850,HELLDIVERS™ 2,639840,565503,242358,70.0,0.0,Action,2,,,807861
230410,Warframe,0,2592,288,90.0,0.0,Action,2,,,2880
2357570,Overwatch®,0,154,103,60.0,0.0,Action,2,,,257
236390,War Thunder,0,1490,471,76.0,0.0,Action,2,,,1961
3472040,NBA 2K26,319840,9349,3285,74.0,0.0,Sports,2,,,12634
1462040,FINAL FANTASY VII REMAKE INTERGRADE,319840,31316,5965,84.0,0.0,Action,2,,,37281
3240220,Grand Theft Auto V Enhanced,316640,135354,16729,89.0,0.0,Action,2,,,152083
1149460,ICARUS,190240,38190,11408,77.0,0.0,Action,2,,,49598
2975950,Solasta II,575840,932,345,73.0,0.0,Adventure,2,,,1277
1086940,Baldur's Gate 3,959840,686478,43818,94.0,0.0,Adventure,2,,,730296
3564740,Where Winds Meet,0,0,0,79.0,0.0,Action,2,,,0
252490,Rust,639840,938019,178670,84.0,0.0,Action,2,,,1116689
381210,Dead by Daylight,319840,511190,135886,79.0,0.0,Action,2,,,647076
686060,Mewgenics,479840,32898,3254,91.0,0.0,Adventure,2,,,36152
2833580,BRAVELY DEFAULT FLYING FAIRY HD Remaster,511840,199,6,97.0,0.0,RPG,2,,,205
1158310,Crusader Kings III,239840,78160,13793,85.0,0.0,RPG,2,,,91953
3164500,Schedule I,319840,249262,10386,96.0,0.0,Action,2,,,259648
3717070,WWE 2K26,1119840,414,430,49.0,0.0,Simulation,2,,,844
376210,The Isle,319840,77634,20637,79.0,0.0,Action,2,,,98271
1062090,Timberborn,447840,33013,1376,96.0,0.0,Indie,2,,,34389
2050650,Resident Evil 4,639840,144697,7616,95.0,0.0,Action,2,,,152313
2344520,Diablo® IV,799840,37546,11857,76.0,0.0,Action,2,,,49403
524220,NieR:Automata™,255840,97850,13343,88.0,0.0,Action,2,,,111193
1245620,ELDEN RING,959840,743374,64641,92.0,0.0,Action,2,,,808015
3280350,DEATH STRANDING 2: ON THE BEACH,1119840,0,0,0.0,0.0,Action,2,,,0
2515020,FINAL FANTASY XVI,399840,16348,4611,78.0,0.0,Action,2,,,20959
1004640,FINAL FANTASY TACTICS - The Ivalice Chronicles,559840,3884,911,81.0,0.0,RPG,2,,,4795
3643170,Roadside Research,207840,1496,243,86.0,0.0,Casual,2,,,1739
2909400,FINAL FANTASY VII REBIRTH,479840,14551,5944,71.0,0.0,Action,2,,,20495
1721470,Poppy Playtime,0,34717,2613,93.0,0.0,Action,2,,,37330
699130,World War Z,119840,17321,5174,77.0,0.0,Action,2,,,22495
3405690,EA SPORTS FC™ 26,335840,22412,24279,48.0,0.0,Simulation,2,,,46691
2141910,Magic: The Gathering Arena,0,0,0,0.0,0.0,Strategy,2,,,0
2807960,Battlefield™ 6,1119840,118237,144512,45.0,0.0,Action,2,,,262749
3241660,R.E.P.O.,111840,278923,14680,95.0,0.0,Action,2,,,293603
990080,Hogwarts Legacy,143840,228196,37148,86.0,0.0,Action,2,,,265344
526870,Satisfactory,447840,212803,8867,96.0,0.0,Adventure,2,,,221670
39210,FINAL FANTASY XIV Online,319840,0,0,0.0,0.0,Massively Multiplayer,2,,,76795
1151340,Fallout 76,639840,50744,24993,67.0,0.0,RPG,2,,,75737
3224770,Umamusume: Pretty Derby,0,0,0,0.0,0.0,Simulation,2,,,0
578080,PUBG: BATTLEGROUNDS,0,1300586,456963,74.0,0.0,Action,2,,,1757549
801800,Atomfall,399840,2318,1091,68.0,0.0,Action,2,,,3409
2129530,REANIMAL,639840,7385,2332,76.0,0.0,Adventure,2,,,9717
1466060,Tainted Grail: The Fall of Avalon,503840,22327,4573,83.0,0.0,Action,2,,,26900
2221490,Tom Clancy’s The Division® 2,479840,22564,4953,82.0,0.0,Action,2,,,27517
2399830,ARK: Survival Ascended,719840,52861,36734,59.0,0.0,Action,2,,,89595
646570,Slay the Spire,99840,173068,9109,95.0,0.0,Indie,2,,,182177
238960,Path of Exile,0,0,0,0.0,0.0,Action,2,,,1033
2057760,Esoteric Ebb,399840,2599,108,96.0,0.0,Indie,2,,,2707
3495730,Lucid Blocks,159840,1233,65,95.0,0.0,Action,2,,,1298
529340,Victoria 3,239840,29986,9995,75.0,0.0,Simulation,2,,,39981
1874880,Arma Reforger,639840,34362,7543,82.0,0.0,Action,2,,,41905
739630,Phasmophobia,319840,616408,46396,93.0,0.0,Action,2,,,662804
3606480,Call of Duty®: Black Ops 7,1119840,1269,2161,37.0,0.0,Action,2,,,3430
582660,Black Desert,159840,39954,21513,65.0,0.0,Action,2,,,61467
3949040,RV There Yet?,127840,53454,7987,87.0,0.0,Action,2,,,61441
413150,Stardew Valley,239840,829227,16923,98.0,0.0,Indie,2,,,846150
780310,The Riftbreaker,158240,17918,2443,88.0,0.0,Action,2,,,20361
306130,The Elder Scrolls® Online,319840,99001,33000,75.0,0.0,Action,2,,,132001
1774580,STAR WARS Jedi: Survivor™,111840,56868,16040,78.0,0.0,Action,2,,,72908
394360,Hearts of Iron IV,239840,237178,32343,88.0,0.0,Simulation,2,,,269521
1091500,Cyberpunk 2077,959840,785539,50141,94.0,0.0,RPG,2,,,835680
1669000,Age of Wonders 4,399840,12624,3156,80.0,0.0,RPG,2,,,15780
2300320,Farming Simulator 25,479840,29739,2586,92.0,0.0,Simulation,2,,,32325
3230400,EA SPORTS™ Madden NFL 26,223840,2866,1544,65.0,0.0,Simulation,2,,,4410
3897800,Poker Night at the Inventory,159840,4952,261,95.0,0.0,Casual,2,,,5213
3834090,YAPYAP,159840,4389,774,85.0,0.0,Action,2,,,5163
1973530,Limbus Company,0,0,0,92.0,0.0,Unknown,2,,,0
440,Team Fortress 2,0,43583,2782,94.0,0.0,Action,2,,,46365
1203620,Enshrouded,383840,69178,17294,80.0,0.0,Action,2,,,86472
3513350,Wuthering Waves,0,0,0,85.0,0.0,Action,2,,,0
270880,American Truck Simulator,319840,150651,9616,94.0,0.0,Indie,2,,,160267
3527290,PEAK,127840,224107,19488,92.0,0.0,Action,2,,,243595
2893570,DRAGON QUEST I & II HD-2D Remake,719840,1381,88,94.0,0.0,RPG,2,,,1469
960090,Bloons TD 6,89440,323861,13494,96.0,0.0,Strategy,2,,,337355
2483190,Forza Horizon 6,1119840,0,0,0.0,0.0,Racing,2,,,0
1962663,Call of Duty®: Warzone™,0,2346,7427,24.0,0.0,Action,2,,,9773
1174180,Red Dead Redemption 2,959840,746567,39293,95.0,0.0,Action,2,,,785860
1361210,"Warhammer 40,000: Darktide",159840,67296,34668,66.0,0.0,Action,2,,,101964
284160,BeamNG.drive,399840,339070,14128,96.0,0.0,Racing,2,,,353198
1623730,Palworld,479840,333432,17549,95.0,0.0,Action,2,,,350981
2827200,MIMESIS,119840,5577,1224,82.0,0.0,Action,2,,,6801
2183900,"Warhammer 40,000: Space Marine 2",959840,122989,26997,82.0,0.0,Action,2,,,149986
2073850,THE FINALS,0,0,0,78.0,0.0,Action,2,,,0
883710,Resident Evil 2,639840,131451,4065,97.0,0.0,Action,2,,,135516
4045750,Out of the Park Baseball 27,719840,0,0,60.0,0.0,Indie,2,,,0
266410,iRacing,159840,3978,995,80.0,0.0,Massively Multiplayer,2,,,4973
294100,RimWorld,559840,193442,5983,97.0,0.0,Indie,2,,,199425
2186680,"Warhammer 40,000: Rogue Trader",319840,26954,2344,92.0,0.0,Action,2,,,29298
3014320,OCTOPATH TRAVELER 0,599840,1951,372,84.0,0.0,RPG,2,,,2323
2958130,Jurassic World Evolution 3,959840,7119,619,92.0,0.0,Simulation,2,,,7738
2246340,Monster Hunter Wilds,1119840,135389,55300,71.0,0.0,Action,2,,,190689
2397300,Half Sword,399840,14345,5859,71.0,0.0,Action,2,,,20204
1562430,DREDGE,159840,42884,875,98.0,0.0,Adventure,2,,,43759
311210,Call of Duty®: Black Ops III,959840,134092,16573,89.0,0.0,Action,2,,,150665
2963800,DrainSim,215840,535,47,92.0,0.0,Casual,2,,,582
1693980,Dead Space,143840,48450,6607,88.0,0.0,Action,2,,,55057
489830,The Elder Scrolls V: Skyrim Special Edition,639840,197163,10377,95.0,0.0,RPG,2,,,207540
1172620,Sea of Thieves: 2025 Edition,639840,250320,66541,79.0,0.0,Action,2,,,316861
1085660,Destiny 2,0,72190,61496,54.0,0.0,Action,2,,,133686
2139460,Once Human,0,0,0,84.0,0.0,Action,2,,,0
2073620,Arena Breakout: Infinite,0,0,0,0.0,0.0,Action,2,,,0
2479810,Gray Zone Warfare,639840,45735,12899,78.0,0.0,Action,2,,,58634
1771300,Kingdom Come: Deliverance II,959840,114692,12743,90.0,0.0,Action,2,,,127435
2537590,Microsoft Flight Simulator 2024,1119840,13323,4681,74.0,0.0,Simulation,2,,,18004
1113560,NieR Replicant™ ver.1.22474487139...,383840,18176,2478,88.0,0.0,Action,2,,,20654
1172710,Dune: Awakening,479840,38514,24623,61.0,0.0,Action,2,,,63137
4025700,Heartopia,0,0,0,62.0,0.0,Casual,2,,,0
1326470,Sons Of The Forest,479840,242528,21089,92.0,0.0,Action,2,,,263617
2592160,Dispatch,479840,149355,7861,95.0,0.0,Action,2,,,157216
892970,Valheim,159840,385074,62687,86.0,0.0,Action,2,,,447761
2239150,Thronefall,135040,20001,1739,92.0,0.0,Action,2,,,21740
108600,Project Zomboid,319840,302383,29906,91.0,0.0,Indie,2,,,332289
2694490,Path of Exile 2,479840,51854,100659,34.0,0.0,Action,2,,,152513
548430,Deep Rock Galactic,143840,278749,17793,94.0,0.0,Action,2,,,296542
648800,Raft,319840,285296,28216,91.0,0.0,Adventure,2,,,313512
1449850,Yu-Gi-Oh! Master Duel,0,0,0,58.0,0.0,Simulation,2,,,0
2536520,Diablo II: Resurrected – Infernal Edition,639840,3236,483,87.0,0.0,Action,2,,,3719
1295660,Sid Meier's Civilization VII,959840,20080,20081,50.0,0.0,Simulation,2,,,40161
427520,Factorio,560000,182910,5657,97.0,0.0,Casual,2,,,188567
304390,FOR HONOR™,479840,66616,37472,64.0,0.0,Action,2,,,104088
1903340,Clair Obscur: Expedition 33,799840,155179,13494,92.0,0.0,Action,2,,,168673
2668510,Red Dead Redemption,399840,15302,1152,93.0,0.0,Action,2,,,16454
216150,MapleStory,0,0,0,0.0,0.0,Action,2,,,0
281990,Stellaris,639840,111970,26264,81.0,0.0,Simulation,2,,,138234
1282100,REMNANT II®,199840,32325,11956,73.0,0.0,Action,2,,,44281
1304930,The Outlast Trials,639840,72860,6336,92.0,0.0,Action,2,,,79196
589290,Holdfast: Nations At War,159840,22638,2239,91.0,0.0,Action,2,,,24877
255710,Cities: Skylines,479840,187060,27952,87.0,0.0,Simulation,2,,,215012
2622380,ELDEN RING NIGHTREIGN,639840,97605,24401,80.0,0.0,Action,2,,,122006
261550,Mount & Blade II: Bannerlord,799840,188075,33190,85.0,0.0,Action,2,,,221265
1631270,StarRupture,319840,7524,1881,80.0,0.0,Action,2,,,9405
3920610,FATAL FRAME II: Crimson Butterfly REMAKE,799840,863,216,80.0,0.0,Action,2,,,1079
3097560,Liar's Bar,111840,38252,8973,81.0,0.0,Casual,2,,,47225
2074920,The First Descendant,0,0,0,67.0,0.0,Action,2,,,0
2385530,PGA TOUR 2K25,799840,2092,854,71.0,0.0,RPG,2,,,2946
1286830,STAR WARS™: The Old Republic™,0,386,68,85.0,0.0,Massively Multiplayer,2,,,454
377160,Fallout 4,319840,239085,45540,84.0,0.0,RPG,2,,,284625
632360,Risk of Rain 2,399840,214469,18649,92.0,0.0,Action,2,,,233118
1599340,Lost Ark,0,0,0,0.0,0.0,Action,2,,,65259
1285190,Borderlands 4,1119840,24293,28518,46.0,0.0,Action,2,,,52811
105600,Terraria,159840,1153030,48043,96.0,0.0,Action,2,,,1201073
949230,Cities: Skylines II,799840,40242,18937,68.0,0.0,Simulation,2,,,59179
359870,FINAL FANTASY X/X-2 HD Remaster,191840,14343,4284,77.0,0.0,RPG,2,,,18627
1971650,OCTOPATH TRAVELER II,383840,11066,1509,88.0,0.0,RPG,2,,,12575
3599690,Funi Raccoon Game,172640,458,5,99.0,0.0,Action,2,,,463
2670630,Supermarket Simulator,319840,52600,22543,70.0,0.0,Casual,2,,,75143
286160,Tabletop Simulator,319840,44818,2359,95.0,0.0,Casual,2,,,47177
1229490,ULTRAKILL,399840,180039,9476,95.0,0.0,Action,2,,,189515
2661300,Grounded 2,479840,14225,2914,83.0,0.0,Action,2,,,17139
518790,theHunter: Call of the Wild™,319840,146596,16289,90.0,0.0,Adventure,2,,,162885
1313140,Cult of the Lamb,399840,101175,3129,97.0,0.0,Action,2,,,104304
2651280,Marvel's Spider-Man 2,959840,21413,3200,87.0,0.0,Action,2,,,24613
107410,Arma 3,191840,200072,27283,88.0,0.0,Action,2,,,227355
418370,Resident Evil 7 Biohazard,319840,73756,4708,94.0,0.0,Action,2,,,78464
2001120,Split Fiction,799840,67985,3578,95.0,0.0,Action,2,,,71563
21690,Resident Evil 5,319840,34335,6540,84.0,0.0,Action,2,,,40875
1401590,Disney Dreamlight Valley,639840,19177,1897,91.0,0.0,Action,2,,,21074
3028330,Battlefield™ REDSEC,0,2382,6778,26.0,0.0,Action,2,,,9160
1290000,PowerWash Simulator,199840,46162,3475,93.0,0.0,Casual,2,,,49637
1465360,SnowRunner,191840,37967,4693,89.0,0.0,Adventure,2,,,42660
3977290,Rewind 99,153440,152,23,87.0,0.0,Action,2,,,175
1857950,VEIN,319840,7298,1188,86.0,0.0,Action,2,,,8486
1284210,Guild Wars 2®,0,370,87,81.0,0.0,Adventure,2,,,457
3932890,Escape from Tarkov,799840,20681,21526,49.0,0.0,Action,2,,,42207
250900,The Binding of Isaac: Rebirth,239840,331497,17447,95.0,0.0,Action,2,,,348944
1096530,Solasta: Crown of the Magister,119840,15945,3037,84.0,0.0,Adventure,2,,,18982
921570,OCTOPATH TRAVELER™,383840,11289,1838,86.0,0.0,RPG,2,,,13127
2933130,The Lord of the Rings: Return to Moria™,215840,6844,2662,72.0,0.0,Action,2,,,9506
552990,World of Warships,0,1449,563,72.0,0.0,Action,2,,,2012
3501070,Car Service Together,319840,1684,345,83.0,0.0,Indie,2,,,2029
1476970,IdleOn,0,0,0,53.0,0.0,Casual,2,,,0
427410,Abiotic Factor,559840,34115,3374,91.0,0.0,Action,2,,,37489
438100,VRChat,0,107,41,72.0,0.0,Adventure,2,,,148
322170,Geometry Dash,79840,479200,36069,93.0,0.0,Action,2,,,515269
2280350,Turbo Dismount® 2,223840,488,54,90.0,0.0,Action,2,,,542
2495100,Hello Kitty Island Adventure,428640,7679,668,92.0,0.0,Action,2,,,8347
2948190,World of Sea Battle,0,0,0,78.0,0.0,Action,2,,,0
1874000,Life is Strange: Double Exposure,319840,4714,2218,68.0,0.0,Action,2,,,6932
264710,Subnautica,479840,302482,6173,98.0,0.0,Adventure,2,,,308655
1407200,World of Tanks,0,320,204,61.0,0.0,Action,2,,,524
3419520,Quarantine Zone: The Last Check,319840,7830,1491,84.0,0.0,Indie,2,,,9321
637650,FINAL FANTASY XV WINDOWS EDITION,223840,35736,7844,82.0,0.0,RPG,2,,,43580
440900,Conan Exiles,159840,61056,14322,81.0,0.0,Action,2,,,75378
1272320,Diplomacy is Not an Option,215840,8529,1275,87.0,0.0,Action,2,,,9804
1142710,Total War: WARHAMMER III,959840,79724,18701,81.0,0.0,Action,2,,,98425
221100,DayZ,799840,324096,52760,86.0,0.0,Action,2,,,376856
1371980,No Rest for the Wicked,639840,50800,8270,86.0,0.0,Action,2,,,59070
3681010,Nioh 3,1119840,7571,2135,78.0,0.0,Action,2,,,9706
1471410,SYNTHETIK 2,223840,2133,673,76.0,0.0,Action,2,,,2806
2456740,inZOI,639840,19828,6966,74.0,0.0,Adventure,2,,,26794
1966720,Lethal Company,159840,377217,28393,93.0,0.0,Action,2,,,405610
1677110,Lightyear Frontier,239840,2927,687,81.0,0.0,Early Access,2,,,3614
251570,7 Days to Die,719840,229932,40576,85.0,0.0,Action,2,,,270508
275850,No Man's Sky,959840,268630,33202,89.0,0.0,Action,2,,,301832
945360,Among Us,79840,592844,44623,93.0,0.0,Casual,2,,,637467
976730,Halo: The Master Chief Collection,639840,197916,34926,85.0,0.0,Action,2,,,232842
1551360,Forza Horizon 5,959840,218410,26995,89.0,0.0,Action,2,,,245405
2437170,SMITE 2,0,4348,3416,56.0,0.0,Action,2,,,7764
1608070,CRISIS CORE –FINAL FANTASY VII– REUNION,319840,5619,766,88.0,0.0,Action,2,,,6385
1328670,Mass Effect™ Legendary Edition,95840,53709,4670,92.0,0.0,Action,2,,,58379
2697000,The Legend of Khiimori,479840,679,170,80.0,0.0,Adventure,2,,,849
570,Dota 2,0,9915,4454,69.0,0.0,Action,2,,,14369
1284190,The Planet Crafter,383840,59727,2489,96.0,0.0,Adventure,2,,,62216
1190000,Car Mechanic Simulator 2021,71840,31453,2367,93.0,0.0,Racing,2,,,33820
1129580,Medieval Dynasty,279840,35609,5321,87.0,0.0,Action,2,,,40930
1265920,Life is Strange Remastered,127840,6461,486,93.0,0.0,Action,2,,,6947
1358700,STRANGER OF PARADISE FINAL FANTASY ORIGIN,255840,2768,649,81.0,0.0,Action,2,,,3417
585420,Trailmakers,399840,25489,2832,90.0,0.0,Action,2,,,28321
4000,Garry's Mod,159840,1023608,31658,97.0,0.0,Casual,2,,,1055266
595520,FINAL FANTASY XII THE ZODIAC AGE,319840,6768,1289,84.0,0.0,RPG,2,,,8057
799960,Wizard101,0,0,0,88.0,0.0,Adventure,2,,,0
2968420,PowerWash Simulator 2,399840,8542,643,93.0,0.0,Casual,2,,,9185
244210,Assetto Corsa,319840,118250,11695,91.0,0.0,Indie,2,,,129945
3354750,skate.,0,133,133,50.0,0.0,Action,2,,,266
2406770,Bodycam,533120,31134,7783,80.0,0.0,Action,2,,,38917
1943950,Escape the Backrooms,159840,98481,12172,89.0,0.0,Action,2,,,110653
2707930,Palia,0,0,0,85.0,0.0,Adventure,2,,,0
550,Left 4 Dead 2,159840,760366,23516,97.0,0.0,Action,2,,,783882
3873970,NASCAR 25,959840,942,443,68.0,0.0,Racing,2,,,1385
2918310,Mama's Sleeping Angels,127840,259,17,94.0,0.0,Action,2,,,276
1938090,Call of Duty®,0,203336,203336,50.0,0.0,Action,2,,,406672
1173820,FINAL FANTASY VI,187040,3924,207,95.0,0.0,RPG,2,,,4131
2294660,The Quinfall,63840,6761,2897,70.0,0.0,Massively Multiplayer,2,,,9658
3347400,GIRLS' FRONTLINE 2: EXILIUM,0,0,0,0.0,0.0,Action,2,,,0
2244210,Echoes of Aincrad,1119840,0,0,0.0,0.0,Action,2,,,0
1812450,Bellwright,479840,14216,3121,82.0,0.0,Action,2,,,17337
1072420,DRAGON QUEST BUILDERS™ 2,399840,6232,398,94.0,0.0,Action,2,,,6630
1206560,WorldBox - God Simulator,319840,45111,1880,96.0,0.0,Indie,2,,,46991
3059520,F1® 25,959840,15807,3238,83.0,0.0,Racing,2,,,19045
2840770,Avatar: Frontiers of Pandora™,479840,9507,2377,80.0,0.0,Action,2,,,11884
1172380,STAR WARS Jedi: Fallen Order™,51040,126533,20598,86.0,0.0,Action,2,,,147131
1145350,Hades II,479840,100406,6409,94.0,0.0,Action,2,,,106815
2069250,High On Life 2,959840,1149,516,69.0,0.0,Action,2,,,1665
2753900,The King is Watching,155840,6594,985,87.0,0.0,Indie,2,,,7579
346110,ARK: Survival Evolved,239840,481966,91803,84.0,0.0,Action,2,,,573769
1196590,Resident Evil Village,639840,91005,5809,94.0,0.0,Action,2,,,96814
9900,Star Trek Online,0,673,262,72.0,0.0,Massively Multiplayer,2,,,935
728880,Overcooked! 2,193920,53438,5285,91.0,0.0,Action,2,,,58723
602960,Barotrauma,279840,54324,3468,94.0,0.0,Action,2,,,57792
291550,Brawlhalla,0,1709,1187,59.0,0.0,Action,2,,,2896
1446650,BRAVELY DEFAULT II,383840,955,692,58.0,0.0,Adventure,2,,,1647
2322010,God of War Ragnarök,959840,26171,2276,92.0,0.0,Action,2,,,28447
3405340,Megabonk,119840,83611,9290,90.0,0.0,Action,2,,,92901
2432860,MENACE,639840,7774,676,92.0,0.0,RPG,2,,,8450
2245620,Tangy TD,140640,351,43,89.0,0.0,Action,2,,,394
813780,Age of Empires II: Definitive Edition,559840,142123,10697,93.0,0.0,Strategy,2,,,152820
952060,Resident Evil 3,639840,60261,9810,86.0,0.0,Action,2,,,70071
1778820,TEKKEN 8,959840,28556,14711,66.0,0.0,Action,2,,,43267
3014080,The Hundred Line -Last Defense Academy-,783840,5555,904,86.0,0.0,Adventure,2,,,6459
1790600,DRAGON BALL: Sparking! ZERO,799840,39955,8183,83.0,0.0,Action,2,,,48138
1426210,It Takes Two,639840,199072,8295,96.0,0.0,Action,2,,,207367
2379780,Balatro,239840,144236,6010,96.0,0.0,Casual,2,,,150246
221040,Resident Evil 6,319840,32412,12604,72.0,0.0,Action,2,,,45016
1190970,House Flipper 2,639840,12988,1605,89.0,0.0,Casual,2,,,14593
1722860,Munchkin Digital,119840,479,815,37.0,0.0,Action,2,,,1294
3070070,TCG Card Shop Simulator,207840,41345,2639,94.0,0.0,Simulation,2,,,43984
380600,Fishing Planet,0,473,77,86.0,0.0,Massively Multiplayer,2,,,550
1237970,Titanfall® 2,47840,233820,9743,96.0,0.0,Action,2,,,243563
202970,Call of Duty®: Black Ops II,959840,19347,3150,86.0,0.0,Action,2,,,22497
2849080,Kingdom Rush 5: Alliance TD,175840,7648,1912,80.0,0.0,Indie,2,,,9560
1238840,Battlefield™ 1,31840,146557,38958,79.0,0.0,Action,2,,,185515
2062430,BALL x PIT,191840,19916,1499,93.0,0.0,Action,2,,,21415
1173800,FINAL FANTASY IV,187040,2243,306,88.0,0.0,RPG,2,,,2549
292120,FINAL FANTASY® XIII,102240,12173,3434,78.0,0.0,RPG,2,,,15607
594650,Hunt: Showdown 1896,479840,156586,49448,76.0,0.0,Action,2,,,206034
312520,Rain World,119840,36959,3655,91.0,0.0,Action,2,,,40614
2552450,KINGDOM HEARTS III + Re Mind (DLC),479840,1752,132,93.0,0.0,Action,2,,,1884
2414270,Sunderfolk,399840,1367,204,87.0,0.0,RPG,2,,,1571
1203190,Wreckfest 2,447840,3338,1364,71.0,0.0,Racing,2,,,4702
2502780,Ranger’s Path: National Park Simulator,287840,176,36,83.0,0.0,Adventure,2,,,212
1173810,FINAL FANTASY V,187040,1844,275,87.0,0.0,RPG,2,,,2119
22380,Fallout: New Vegas,159840,190381,14330,93.0,0.0,Action,2,,,204711
962130,Grounded,639840,67057,5831,92.0,0.0,Action,2,,,72888
2966320,Starsand Island,639840,4848,856,85.0,0.0,Casual,2,,,5704
2624870,Life is Strange: Reunion,639840,0,0,0.0,0.0,Action,2,,,0
371970,Barony,319840,8560,1279,87.0,0.0,Action,2,,,9839
1205970,MX vs ATV Legends,159840,3216,398,89.0,0.0,Racing,2,,,3614
1173790,FINAL FANTASY III,187040,1970,432,82.0,0.0,RPG,2,,,2402
1363080,Manor Lords,639840,54618,16314,77.0,0.0,Simulation,2,,,70932
1984270,Digimon Story Time Stranger,1119840,12278,1835,87.0,0.0,RPG,2,,,14113
1659040,HITMAN World of Assassination,479840,45685,5646,89.0,0.0,Action,2,,,51331
393380,Squad,799840,136532,36293,79.0,0.0,Action,2,,,172825
285900,Gang Beasts,319840,46387,5154,90.0,0.0,Action,2,,,51541
1716740,Starfield,1119840,68185,43593,61.0,0.0,RPG,2,,,111778
2643390,Star Trek: Voyager - Across the Unknown,559840,2369,668,78.0,0.0,Indie,2,,,3037
65800,Dungeon Defenders,47840,11443,477,96.0,0.0,Action,2,,,11920
2215430,Ghost of Tsushima DIRECTOR'S CUT,959840,54125,4706,92.0,0.0,Action,2,,,58831
47890,The Sims™ 3,319840,22972,7657,75.0,0.0,Simulation,2,,,30629
431240,Golf With Your Friends,115040,41951,6269,87.0,0.0,Casual,2,,,48220
1588550,Cairn,479840,12369,790,94.0,0.0,Action,2,,,13159
1594320,Captain of Industry,391840,6920,2691,72.0,0.0,Indie,2,,,9611
2358720,Black Myth: Wukong,959840,773837,95643,89.0,0.0,Action,2,,,869480
1295510,DRAGON QUEST® XI S: Echoes of an Elusive Age™ - Definitive Edition,319840,8953,885,91.0,0.0,Adventure,2,,,9838
2168680,Nuclear Option,287840,6603,421,94.0,0.0,Action,2,,,7024
1260320,Party Animals,319840,46066,8129,85.0,0.0,Action,2,,,54195
2623190,The Elder Scrolls IV: Oblivion Remastered,799840,33050,23933,58.0,0.0,RPG,2,,,56983
223750,DCS World Steam Edition,0,569,125,82.0,0.0,Simulation,2,,,694
1671210,DELTARUNE,399840,86431,2673,97.0,0.0,Indie,2,,,89104
714010,Aimlabs,0,209,52,80.0,0.0,Action,2,,,261
1364780,Street Fighter™ 6,639840,34050,10753,76.0,0.0,Action,2,,,44803
2070270,Cloudheim,316640,945,194,83.0,0.0,Action,2,,,1139
655500,MX Bikes,559840,30709,1616,95.0,0.0,Racing,2,,,32325
1466860,Age of Empires IV: Anniversary Edition,639840,56871,11648,83.0,0.0,Strategy,2,,,68519
1607250,MY HERO ULTRA RUMBLE,0,0,0,72.0,0.0,Action,2,,,0
1222680,Need for Speed™ Heat,55840,101130,19263,84.0,0.0,Action,2,,,120393
3008130,Dying Light: The Beast,959840,42863,11394,79.0,0.0,Action,2,,,54257
2116120,Incursion Red River,351840,5353,1510,78.0,0.0,Action,2,,,6863
2747330,Species: Unknown,159840,4745,303,94.0,0.0,Action,2,,,5048
2201320,Date Everything!,239840,5151,702,88.0,0.0,Simulation,2,,,5853
2429640,Throne and Liberty,0,6065,4765,56.0,0.0,Action,2,,,10830
2950340,LEGO® Harry Potter™ Collection,127840,966,144,87.0,0.0,Action,2,,,1110
3357650,PRAGMATA,959840,0,0,0.0,0.0,Action,2,,,0
3602570,Horsey Game,159840,419,13,97.0,0.0,Indie,2,,,432
1922560,Plants vs. Zombies™ Garden Warfare 2: Deluxe Edition,47840,34907,6160,85.0,0.0,Action,2,,,41067
2507950,Delta Force,0,0,0,0.0,0.0,Action,2,,,0
3489700,Stellar Blade™,959840,49581,4904,91.0,0.0,Action,2,,,54485
2701660,DRAGON QUEST III HD-2D Remake,575840,3228,526,86.0,0.0,RPG,2,,,3754
1888930,The Last of Us™ Part I,959840,56440,2971,95.0,0.0,Action,2,,,59411
1237950,STAR WARS™ Battlefront™ II,51040,73293,8144,90.0,0.0,Action,2,,,81437
2881650,Content Warning,89440,60095,5944,91.0,0.0,Action,2,,,66039
703080,Planet Zoo,719840,69151,8547,89.0,0.0,Casual,2,,,77698
242760,The Forest,319840,536084,28215,95.0,0.0,Action,2,,,564299
1783560,The Last Caretaker,559840,7008,1976,78.0,0.0,Action,2,,,8984
1863430,Dragonkin: The Banished,399840,828,113,88.0,0.0,Action,2,,,941
2141730,Backrooms: Escape Together,159840,25199,3436,88.0,0.0,Action,2,,,28635
1645820,SurrounDead,191840,19135,1664,92.0,0.0,Action,2,,,20799
1030300,Hollow Knight: Silksong,319840,331398,32776,91.0,0.0,Action,2,,,364174
374320,DARK SOULS™ III,959840,251143,21838,92.0,0.0,Action,2,,,272981
3576870,Blossom: The Seed of Life,231040,320,35,90.0,0.0,Adventure,2,,,355
3035120,Is This Seat Taken?,111840,6618,276,96.0,0.0,Casual,2,,,6894
3180070,"No, I'm not a Human",239840,21989,1404,94.0,0.0,Indie,2,,,23393
413410,Danganronpa: Trigger Happy Havoc,127840,30936,1628,95.0,0.0,Adventure,2,,,32564
1374490,RuneScape: Dragonwilds,479840,18504,3524,84.0,0.0,Action,2,,,22028
289070,Sid Meier’s Civilization® VI,959840,242885,26987,90.0,0.0,Strategy,2,,,269872
377840,FINAL FANTASY IX,134240,11219,467,96.0,0.0,RPG,2,,,11686
508440,Totally Accurate Battle Simulator,108640,130269,5428,96.0,0.0,Indie,2,,,135697
292140,FINAL FANTASY® XIII-2,127840,2492,2395,51.0,0.0,RPG,2,,,4887
268910,Cuphead,319840,176907,7371,96.0,0.0,Action,2,,,184278
3228590,Deadzone: Rogue,399840,10661,1736,86.0,0.0,Action,2,,,12397
225540,Just Cause™ 3,47840,93127,9210,91.0,0.0,Action,2,,,102337
1026680,FINAL FANTASY VIII - REMASTERED,127840,3364,1121,75.0,0.0,Adventure,2,,,4485
2238900,STAR OCEAN THE SECOND STORY R,399840,2940,122,96.0,0.0,Action,2,,,3062
517630,Just Cause 4 Reloaded,0,15433,7263,68.0,0.0,Action,2,,,22696
1527950,Wartales,223840,20443,10069,67.0,0.0,Adventure,2,,,30512
1676840,For The King II,159840,8717,3224,73.0,0.0,Adventure,2,,,11941
3159330,Assassin’s Creed Shadows,1119840,20356,10487,66.0,0.0,Action,2,,,30843
49520,Borderlands 2,140640,197119,17141,92.0,0.0,Action,2,,,214260
1173770,FINAL FANTASY,124640,7237,148,98.0,0.0,RPG,2,,,7385
42700,Call of Duty®: Black Ops,639840,18888,2576,88.0,0.0,Action,2,,,21464
2996040,Teenage Mutant Ninja Turtles: Splintered Fate,119840,2374,355,87.0,0.0,Action,2,,,2729
307690,Sleeping Dogs: Definitive Edition,47840,64498,1995,97.0,0.0,Action,2,,,66493
3364070,The Jackbox Party Pack 11,479840,256,100,72.0,0.0,Adventure,2,,,356
304240,Resident Evil,319840,21791,1895,92.0,0.0,Action,2,,,23686
567640,Danganronpa V3: Killing Harmony,127840,16458,3860,81.0,0.0,Adventure,2,,,20318
2794590,Scam Line,79840,421,74,85.0,0.0,Indie,2,,,495
1107320,OUTBRK,559840,2190,417,84.0,0.0,Action,2,,,2607
1222700,A Way Out,47840,63456,8653,88.0,0.0,Action,2,,,72109
2567870,Chained Together,79840,42963,8183,84.0,0.0,Adventure,2,,,51146
552500,Warhammer: Vermintide 2,47840,76328,13470,85.0,0.0,Action,2,,,89798
2531310,The Last of Us™ Part II Remastered,799840,25841,2871,90.0,0.0,Action,2,,,28712
2142790,Fields of Mistria,223840,23559,729,97.0,0.0,Indie,2,,,24288
2101390,Lost and Found Co.,259040,741,31,96.0,0.0,Casual,2,,,772
936790,Life is Strange: True Colors,287840,10573,1442,88.0,0.0,Action,2,,,12015
1127400,Mindustry,47840,20669,1319,94.0,0.0,Strategy,2,,,21988
767560,War Robots,0,0,0,67.0,0.0,Action,2,,,0
400750,Call to Arms - Gates of Hell: Ostfront,559840,24784,4035,86.0,0.0,Action,2,,,28819
924970,Back 4 Blood,95840,37962,16270,70.0,0.0,Action,2,,,54232
1451050,Sherman Commander,431840,0,0,58.0,0.0,Action,2,,,0
1011670,Totally Reliable Delivery Service,35840,869,682,56.0,0.0,Action,2,,,1551
2016590,Dark and Darker,0,0,0,66.0,0.0,Action,2,,,0
1913370,OPERATOR,319840,3264,445,88.0,0.0,Action,2,,,3709
1599600,PlateUp!,95840,15789,1754,90.0,0.0,Action,2,,,17543
1643320,S.T.A.L.K.E.R. 2: Heart of Chornobyl,959840,74650,24883,75.0,0.0,Action,2,,,99533
2640950,Scott Pilgrim EX,463840,262,46,85.0,0.0,Action,2,,,308
850190,Goat Simulator 3,191840,12174,376,97.0,0.0,Adventure,2,,,12550
2350790,Moonlighter 2: The Endless Vault,383840,1567,344,82.0,0.0,Action,2,,,1911
1533390,Gorilla Tag,319840,44087,3318,93.0,0.0,Action,2,,,47405
3557620,Blue Archive,0,0,0,91.0,0.0,Adventure,2,,,0
2541530,AETHUS,255840,632,33,95.0,0.0,Adventure,2,,,665
1041720,Kingdoms of Amalur: Re-Reckoning,159840,5339,660,89.0,0.0,Action,2,,,5999
3450310,Europa Universalis V,959840,9810,11991,45.0,0.0,Strategy,2,,,21801
292030,The Witcher 3: Wild Hunt,639840,768602,40453,95.0,0.0,RPG,2,,,809055
767320,Granblue Fantasy,0,0,0,36.0,0.0,RPG,2,,,0
1217060,Gunfire Reborn,319840,75338,12264,86.0,0.0,Action,2,,,87602
2688950,Planet Coaster 2,799840,9129,2141,81.0,0.0,Simulation,2,,,11270
2399420,Le Mans Ultimate,639840,8760,3406,72.0,0.0,Racing,2,,,12166
2737070,Crime Simulator,239840,3824,675,85.0,0.0,Action,2,,,4499
2064610,Relic Guardian - Tower Defense,239840,642,27,96.0,0.0,Adventure,2,,,669
345350,LIGHTNING RETURNS™: FINAL FANTASY® XIII,127840,2739,1230,69.0,0.0,RPG,2,,,3969
3767740,Outhold,83840,970,185,84.0,0.0,Casual,2,,,1155
1238060,Dead Space™ 3,63840,6794,4530,60.0,0.0,Action,2,,,11324
367520,Hollow Knight,239840,456621,19026,96.0,0.0,Action,2,,,475647
3398110,The Walking Trade,143840,731,139,84.0,0.0,Indie,2,,,870
2943650,FragPunk,0,1266,357,78.0,0.0,Action,2,,,1623
1173780,FINAL FANTASY II,124640,2845,88,97.0,0.0,RPG,2,,,2933
3164330,Infinity Nikki,0,0,0,78.0,0.0,Action,2,,,0
204360,Castle Crashers®,239840,100297,5279,95.0,0.0,Action,2,,,105576
1934680,Age of Mythology: Retold,479840,16624,2484,87.0,0.0,Strategy,2,,,19108
1621690,Core Keeper,319840,43122,4265,91.0,0.0,Action,2,,,47387
617290,Remnant: From the Ashes,63840,33761,11862,74.0,0.0,Action,2,,,45623
1389240,Age of Empires II: Definitive Edition - Lords of the West,559840,559,158,78.0,0.0,Strategy,2,,,717
1557210,Age of Empires II: Definitive Edition - Dawn of the Dukes,559840,519,106,83.0,0.0,Strategy,2,,,625
1869820,Age of Empires II: Definitive Edition - Dynasties of India,559840,310,88,78.0,0.0,Strategy,2,,,398
613830,CHRONO TRIGGER®,119840,10041,1369,88.0,0.0,RPG,2,,,11410
3097300,Creature Kitchen,127840,3095,31,99.0,0.0,Casual,2,,,3126
1824220,Chivalry 2,639840,32223,10176,76.0,0.0,Action,2,,,42399
3274580,Anno 117: Pax Romana,959840,5999,4525,57.0,0.0,Simulation,2,,,10524
1569580,Blue Prince,479840,12316,2704,82.0,0.0,Adventure,2,,,15020
339340,Resident Evil 0,319840,9182,2899,76.0,0.0,Action,2,,,12081
880940,Pummel Party,239840,37817,7203,84.0,0.0,Action,2,,,45020
1999360,Placid Plastic Duck Simulator,15840,16420,684,96.0,0.0,Casual,2,,,17104
1817070,Marvel’s Spider-Man Remastered,959840,87549,3648,96.0,0.0,Action,2,,,91197
1868140,DAVE THE DIVER,319840,122582,7824,94.0,0.0,Adventure,2,,,130406
920560,Resident Evil 2 - Leon Costume: Arklay Sheriff,47840,102,13,89.0,0.0,Action,2,,,115
920561,Resident Evil 2 - Leon Costume: Noir,47840,125,9,93.0,0.0,Action,2,,,134
920562,Resident Evil 2 - Claire Costume: Military,47840,0,0,76.0,0.0,Action,2,,,0
920563,Resident Evil 2 - Claire Costume: Noir,47840,94,12,89.0,0.0,Action,2,,,106
920564,Resident Evil 2 - Claire Costume: Elza Walker,47840,171,19,90.0,0.0,Action,2,,,190
920567,Resident Evil 2 - Original Ver. Soundtrack Swap,47840,278,38,88.0,0.0,Action,2,,,316
920568,Resident Evil 2 - Deluxe Weapon: Samurai Edge - Albert Model,31840,100,27,79.0,0.0,Action,2,,,127
1281040,Baby Steps,207840,1529,291,84.0,0.0,Action,2,,,1820
3645890,GONE Fishing,159840,1930,168,92.0,0.0,Action,2,,,2098
620980,Beat Saber,479840,63722,5541,92.0,0.0,Indie,2,,,69263
2373990,Solo Leveling: ARISE OVERDRIVE,639840,4082,1750,70.0,0.0,Action,2,,,5832
1846380,Need for Speed™ Unbound,111840,26309,19847,57.0,0.0,Action,2,,,46156
2124120,SULFUR,235840,5799,1450,80.0,0.0,Action,2,,,7249
1451090,Tactics Ogre: Reborn,319840,3228,570,85.0,0.0,RPG,2,,,3798
2956680,LORT,239840,2290,469,83.0,0.0,Action,2,,,2759
1604030,V Rising,559840,93205,13927,87.0,0.0,Action,2,,,107132
322330,Don't Starve Together,239840,323280,39956,89.0,0.0,Action,2,,,363236
573090,Stormworks: Build and Rescue,399840,47942,4169,92.0,0.0,Simulation,2,,,52111
784080,MechWarrior 5: Mercenaries,479840,10860,1342,89.0,0.0,Action,2,,,12202
220200,Kerbal Space Program,639840,105150,3252,97.0,0.0,Indie,2,,,108402
2198150,Tiny Glade,239840,20491,854,96.0,0.0,Casual,2,,,21345
1888160,ARMORED CORE™ VI FIRES OF RUBICON™,959840,58241,6471,90.0,0.0,Action,2,,,64712
1203220,NARAKA: BLADEPOINT,0,128413,69145,65.0,0.0,Action,2,,,197558
1757300,Jump Space,319840,6743,1792,79.0,0.0,Action,2,,,8535
392160,X4: Foundations,799840,17882,5342,77.0,0.0,Action,2,,,23224
961200,Predecessor,0,5299,3112,63.0,0.0,Action,2,,,8411
1845910,Dragon Age™: The Veilguard,335840,24932,15281,62.0,0.0,Action,2,,,40213
218620,PAYDAY 2,159840,402866,39844,91.0,0.0,Action,2,,,442710
1820000,Homura Hime,359840,887,110,89.0,0.0,Action,2,,,997
244850,Space Engineers,319840,89368,12186,88.0,0.0,Action,2,,,101554
570940,DARK SOULS™: REMASTERED,639840,87044,7569,92.0,0.0,Action,2,,,94613
2417610,METAL GEAR SOLID Δ: SNAKE EATER,1119840,8602,2569,77.0,0.0,Action,2,,,11171
690790,DiRT Rally 2.0,223840,33766,4173,89.0,0.0,Racing,2,,,37939
3846120,MineMogul,239840,3012,126,96.0,0.0,Indie,2,,,3138
3293260,Waterpark Simulator,207840,8322,347,96.0,0.0,Casual,2,,,8669
2325290,Sky: Children of the Light,0,0,0,85.0,0.0,Adventure,2,,,0
2780980,LOCKDOWN Protocol,159840,13096,2494,84.0,0.0,Action,2,,,15590
881020,Granblue Fantasy: Relink,639840,34682,3016,92.0,0.0,Action,2,,,37698
965580,Root,119840,4072,609,87.0,0.0,Indie,2,,,4681
2231380,Tom Clancy's Ghost Recon® Breakpoint,959840,28534,9512,75.0,0.0,Action,2,,,38046
1766060,HumanitZ,319840,6519,2291,74.0,0.0,Action,2,,,8810
1238860,Battlefield 4™,31840,48608,16202,75.0,0.0,Action,2,,,64810
774801,Crab Champions,111840,25211,255,99.0,0.0,Action,2,,,25466
1238810,Battlefield™ V,39840,132852,96203,58.0,0.0,Action,2,,,229055
1089090,ONE PIECE: PIRATE WARRIORS 4,159840,15517,1168,93.0,0.0,Action,2,,,16685
460930,Tom Clancy's Ghost Recon® Wildlands,799840,67352,21269,76.0,0.0,Action,2,,,88621
1158160,Coral Island,479840,18079,2234,89.0,0.0,Adventure,2,,,20313
361420,ASTRONEER,479840,103592,12803,89.0,0.0,Adventure,2,,,116395
3115220,Town to City,339840,4699,247,95.0,0.0,Indie,2,,,4946
2273980,Orcs Must Die! Deathtrap,239840,2530,1246,67.0,0.0,Action,2,,,3776
2879840,Escape Simulator 2,319840,3244,244,93.0,0.0,Adventure,2,,,3488
2104890,RoadCraft,639840,8220,4049,67.0,0.0,Adventure,2,,,12269
1657630,Slime Rancher 2,479840,37008,3660,91.0,0.0,Action,2,,,40668
1211020,Wobbly Life,259840,29400,909,97.0,0.0,Action,2,,,30309
3057670,Pluto,230240,209,11,95.0,0.0,Indie,2,,,220
529930,Banned Footage Vol.1,159840,245,157,61.0,0.0,Action,2,,,402
530610,Banned Footage Vol.2,239840,280,151,65.0,0.0,Action,2,,,431
540340,Resident Evil 7 - Season Pass,479840,321,131,71.0,0.0,Action,2,,,452
564190,Not A Hero,0,547,163,77.0,0.0,Action,2,,,710
1456360,Resident Evil Village - Trauma Pack,207840,180,570,24.0,0.0,Action,2,,,750
1731080,Resident Evil Village - Winters’ Expansion,319840,1347,1244,52.0,0.0,Action,2,,,2591
530611,End of Zoe,239840,1012,178,85.0,0.0,Action,2,,,1190
2215200,LEGO® Batman™: Legacy of the Dark Knight,1119840,0,0,0.0,0.0,Action,2,,,0
2646460,Soulmask,479840,11282,2999,79.0,0.0,Adventure,2,,,14281
1384160,GUILTY GEAR -STRIVE-,639840,39624,5921,87.0,0.0,Action,2,,,45545
686810,Hell Let Loose,799840,74164,22153,77.0,0.0,Action,2,,,96317
1343400,RuneScape ®,0,0,0,66.0,0.0,Massively Multiplayer,2,,,0
1975580,Wild Woods,79040,1012,413,71.0,0.0,Action,2,,,1425
2499860,DRAGON QUEST VII Reimagined,959840,1428,213,87.0,0.0,Adventure,2,,,1641
4015530,MyVoiceZoo,47840,1877,163,92.0,0.0,Casual,2,,,2040
2947440,SILENT HILL f,1119840,12630,3562,78.0,0.0,Action,2,,,16192
2933620,Call of Duty®: Black Ops 6,1119840,5276,7913,40.0,0.0,Action,2,,,13189
314650,SpaceEngine,479840,13474,561,96.0,0.0,Casual,2,,,14035
3199170,Blood Strike,0,0,0,80.0,0.0,Action,2,,,0
1229240,Chained Echoes,159840,5606,1674,77.0,0.0,Indie,2,,,7280
434170,The Jackbox Party Pack 3,399840,5065,0,100.0,0.0,Casual,2,,,5065
207870,Borderlands 2 - Captain Scarlett and her Pirate's Booty,140640,398,140,74.0,0.0,Action,2,,,538
208690,Borderlands 2: Creature Slaughterdome,79840,117,74,61.0,0.0,Action,2,,,191
213210,Borderlands 2: Mr. Torgue’s Campaign of Carnage,140640,416,91,82.0,0.0,Action,2,,,507
213230,Borderlands 2: Mechromancer Pack,140640,463,82,85.0,0.0,Action,2,,,545
213250,Borderlands 2: Sir Hammerlock’s Big Game Hunt,140640,231,307,43.0,0.0,Action,2,,,538
213780,Borderlands 2: Collector's Edition Pack,79840,169,66,72.0,0.0,Action,2,,,235
218550,Borderlands 2: Tiny Tina's Assault on Dragon Keep,140640,1320,130,91.0,0.0,Action,2,,,1450
224200,Borderlands 2: Ultimate Vault Hunters Upgrade Pack,140640,247,92,73.0,0.0,Action,2,,,339
230090,Borderlands 2 - Psycho Pack,140640,553,75,88.0,0.0,Action,2,,,628
588430,Fallout Shelter,0,0,0,76.0,0.0,RPG,2,,,0
2071280,Ravenswatch,399840,11636,3674,76.0,0.0,Action,2,,,15310
454650,DRAGON BALL XENOVERSE 2,319840,37654,4184,90.0,0.0,Action,2,,,41838
1818450,STALCRAFT: X,0,0,0,65.0,0.0,Action,2,,,0
594570,Total War: WARHAMMER II,959840,78936,8771,90.0,0.0,Action,2,,,87707
2487300,Docked,479840,491,264,65.0,0.0,Simulation,2,,,755
1617400,The Bazaar,319840,6278,4736,57.0,0.0,Strategy,2,,,11014
2404880,Car Dealer Simulator,255840,6494,1146,85.0,0.0,Casual,2,,,7640
552700,WORLD OF FINAL FANTASY®,159840,2082,732,74.0,0.0,RPG,2,,,2814
3226450,iRacing Arcade,399840,500,195,72.0,0.0,Racing,2,,,695
2835570,Buckshot Roulette,28640,93204,7015,93.0,0.0,Action,2,,,100219
3314070,The Sims™ 2 Legacy Collection,287840,3274,818,80.0,0.0,Simulation,2,,,4092
10180,Call of Duty®: Modern Warfare® 2 (2009),319840,33024,1738,95.0,0.0,Action,2,,,34762
1149620,Gas Station Simulator,319840,21165,2093,91.0,0.0,Casual,2,,,23258
2436570,DRAGON QUEST BUILDERS,223840,539,41,93.0,0.0,Action,2,,,580
805550,Assetto Corsa Competizione,639840,28573,2151,93.0,0.0,Racing,2,,,30724
1240440,Halo Infinite,0,19764,14312,58.0,0.0,Action,2,,,34076
753640,Outer Wilds,399840,77141,4924,94.0,0.0,Action,2,,,82065
2138720,REMATCH,428640,23036,11346,67.0,0.0,Action,2,,,34382
3059070,The Headliners,127840,6758,1010,87.0,0.0,Action,2,,,7768
342940,Project: Gorgon,399840,3543,438,89.0,0.0,Indie,2,,,3981
2607060,From Glory To Goo,124640,1295,54,96.0,0.0,Simulation,2,,,1349
2772990,Ghost Janitors,143840,390,80,83.0,0.0,Action,2,,,470
3172700,Banquet for Fools,271840,418,68,86.0,0.0,Action,2,,,486
47780,Dead Space™ 2,63840,21568,2666,89.0,0.0,Action,2,,,24234
435150,Divinity: Original Sin 2 - Definitive Edition,719840,161860,14075,92.0,0.0,Adventure,2,,,175935
359320,Elite Dangerous,319840,59394,20868,74.0,0.0,Action,2,,,80262
3370870,Berry Bury Berry,127840,3943,80,98.0,0.0,Adventure,2,,,4023
761890,Albion Online,0,1357,528,72.0,0.0,Massively Multiplayer,2,,,1885
2486820,Sonic Racing: CrossWorlds,1119840,8748,1081,89.0,0.0,Action,2,,,9829
3314790,CloverPit,159840,18837,1863,91.0,0.0,Action,2,,,20700
1343370,Old School RuneScape,0,0,0,62.0,0.0,Adventure,2,,,0
459820,Crush Crush,0,472,90,84.0,0.0,Casual,2,,,562
1211630,The Jackbox Party Pack 7,479840,3538,393,90.0,0.0,Casual,2,,,3931
1702010,Sengoku Dynasty,287840,4204,1889,69.0,0.0,Adventure,2,,,6093
1286220,Sea Power : Naval Combat in the Missile Age,799840,4251,580,88.0,0.0,Action,2,,,4831
2878600,Harry Potter: Quidditch Champions,95840,1741,937,65.0,0.0,Action,2,,,2678
1985810,Call of Duty®: Black Ops Cold War,959840,16910,3464,83.0,0.0,Action,2,,,20374
424840,Little Nightmares,79840,48753,2031,96.0,0.0,Adventure,2,,,50784
1850510,TRIANGLE STRATEGY,383840,2806,211,93.0,0.0,RPG,2,,,3017
1796470,Haste,223840,9767,1207,89.0,0.0,Action,2,,,10974
2648050,Sam & Max: The Devil's Playhouse,239840,329,32,91.0,0.0,Adventure,2,,,361
1289670,EA Play,95840,0,0,0.0,0.0,Action,2,,,0
1627720,Lies of P,959840,47333,6455,88.0,0.0,Action,2,,,53788
2698940,The Crew Motorfest,1119840,13198,5391,71.0,0.0,Racing,2,,,18589
2507820,Bloodgrounds,159840,266,62,81.0,0.0,Indie,2,,,328
1593500,God of War,799840,117379,6178,95.0,0.0,Action,2,,,123557
582010,Monster Hunter: World,479840,274915,37488,88.0,0.0,Action,2,,,312403
1517290,Battlefield™ 2042,47840,151880,105543,59.0,0.0,Action,2,,,257423
2101960,Cronos: The New Dawn,959840,5292,1008,84.0,0.0,Action,2,,,6300
227300,Euro Truck Simulator 2,319840,712208,37485,95.0,0.0,Indie,2,,,749693
2119830,MISERY,207840,11710,3113,79.0,0.0,Action,2,,,14823
1432860,Sun Haven,199840,13996,7210,66.0,0.0,Adventure,2,,,21206
620,Portal 2,159840,372315,7598,98.0,0.0,Action,2,,,379913
391540,Undertale,39840,273307,11388,96.0,0.0,Indie,2,,,284695
2490990,Visions of Mana,479840,1532,458,77.0,0.0,Action,2,,,1990
680420,OUTRIDERS,127840,36258,9638,79.0,0.0,Action,2,,,45896
1486920,Tempest Rising,479840,7681,1463,84.0,0.0,Action,2,,,9144
997010,Police Simulator: Patrol Officers,479840,12995,4807,73.0,0.0,Simulation,2,,,17802
1592190,BONELAB,639840,16071,1026,94.0,0.0,Action,2,,,17097
1794680,Vampire Survivors,79840,234466,12340,95.0,0.0,Action,2,,,246806
3156770,Witchfire,639840,12074,1341,90.0,0.0,Action,2,,,13415
629730,Blade and Sorcery,479840,54068,3451,94.0,0.0,Action,2,,,57519
333640,Caves of Qud,383840,10173,1130,90.0,0.0,Adventure,2,,,11303
814380,Sekiro™: Shadows Die Twice - GOTY Edition,959840,235942,15060,94.0,0.0,Action,2,,,251002
546560,Half-Life: Alyx,959840,86732,3614,96.0,0.0,Action,2,,,90346
1367550,Kingdom Rush Vengeance - Tower Defense,159840,8783,661,93.0,0.0,Strategy,2,,,9444
2124490,SILENT HILL 2,1119840,35347,3074,92.0,0.0,Action,2,,,38421
1997660,GreedFall: The Dying World,799840,529,167,76.0,0.0,Action,2,,,696
3556750,"Warhammer 40,000: Dawn of War - Definitive Edition",479840,9281,1147,89.0,0.0,Strategy,2,,,10428
1816300,HARVESTELLA,383840,1566,442,78.0,0.0,Action,2,,,2008
835570,Conqueror's Blade,0,2744,1351,67.0,0.0,Action,2,,,4095
1154030,Titan Quest II,447840,11622,3472,77.0,0.0,Action,2,,,15094
926990,WolfQuest: Anniversary Edition,479840,10167,535,95.0,0.0,Action,2,,,10702
492720,Tropico 6,191840,16936,2310,88.0,0.0,Simulation,2,,,19246
1250410,Microsoft Flight Simulator (2020) 40th Anniversary Edition,959840,44826,23092,66.0,0.0,Simulation,2,,,67918
1588530,Dungeon Alchemist,575840,2249,222,91.0,0.0,RPG,2,,,2471
293760,Automation - The Car Company Tycoon Game,479840,15098,629,96.0,0.0,Indie,2,,,15727
3361510,Coal LLC,239840,787,87,90.0,0.0,Indie,2,,,874
505460,Foxhole,479840,28199,15862,64.0,0.0,Action,2,,,44061
379430,Kingdom Come: Deliverance,479840,111862,24555,82.0,0.0,Action,2,,,136417
815370,Green Hell,39840,57358,14340,80.0,0.0,Action,2,,,71698
4206270,Wireworks,89440,120,13,90.0,0.0,Indie,2,,,133
1812370,Little Goody Two Shoes,159840,1770,197,90.0,0.0,Adventure,2,,,1967
341800,Keep Talking and Nobody Explodes,239840,13507,418,97.0,0.0,Indie,2,,,13925
2916430,Fast Food Simulator,239840,5436,2221,71.0,0.0,Indie,2,,,7657
24200,DC Universe™ Online,0,161,54,75.0,0.0,Action,2,,,215
1557740,ROUNDS,47840,32133,1339,96.0,0.0,Action,2,,,33472
2356560,Monster Hunter Stories,479840,1083,191,85.0,0.0,RPG,2,,,1274
1040200,Crime Scene Cleaner,399840,27058,552,98.0,0.0,Action,2,,,27610
435870,Fallout 4 - Automatron,159840,2204,734,75.0,0.0,RPG,2,,,2938
435880,Fallout 4 - Wasteland Workshop,79840,801,1253,39.0,0.0,RPG,2,,,2054
435881,Fallout 4 Far Harbor,239840,2981,406,88.0,0.0,RPG,2,,,3387
480630,Fallout 4 - Contraptions Workshop,79840,580,946,38.0,0.0,RPG,2,,,1526
480631,Fallout 4 Vault-Tec Workshop,79840,876,1369,39.0,0.0,RPG,2,,,2245
490650,Fallout 4 Nuka-World,159840,1395,1927,42.0,0.0,RPG,2,,,3322
477160,Human Fall Flat,95840,157822,13724,92.0,0.0,Adventure,2,,,171546
1699480,KLETKA,159840,4345,767,85.0,0.0,Action,2,,,5112
3681810,Blue Protocol: Star Resonance,0,0,0,0.0,0.0,Action,2,,,0
1262560,Need for Speed™ Most Wanted,63840,17665,4982,78.0,0.0,Action,2,,,22647
581320,Insurgency: Sandstorm,479840,79857,22524,78.0,0.0,Action,2,,,102381
611790,House Party,399840,9552,4292,69.0,0.0,Adventure,2,,,13844
2426960,Summoners War,0,0,0,70.0,0.0,RPG,2,,,0
1114150,CarX Street,319840,12226,3861,76.0,0.0,Massively Multiplayer,2,,,16087
1118200,People Playground,159840,279491,8644,97.0,0.0,Action,2,,,288135
667970,VTOL VR,479840,18819,384,98.0,0.0,Action,2,,,19203
1680880,Forspoken,335840,4753,528,90.0,0.0,Action,2,,,5281
690830,Foundation,375040,19998,2222,90.0,0.0,Indie,2,,,22220
1996390,Escape from Ever After,319840,1036,54,95.0,0.0,Adventure,2,,,1090
2625420,Drive Beyond Horizons,399840,10933,4466,71.0,0.0,Action,2,,,15399
3226530,Tower Dominion,181760,3464,977,78.0,0.0,Strategy,2,,,4441
12210,Grand Theft Auto IV: The Complete Edition,319840,147179,21992,87.0,0.0,Action,2,,,169171
493520,GTFO,639840,34078,10762,76.0,0.0,Action,2,,,44840
3720460,KEEP GAMBLING,124320,381,171,69.0,0.0,Action,2,,,552
1583230,High On Life,639840,16904,2305,88.0,0.0,Action,2,,,19209
2288470,Aethermancer,281440,1860,140,93.0,0.0,Adventure,2,,,2000
378649,The Witcher 3: Wild Hunt - Hearts of Stone,159840,6068,457,93.0,0.0,RPG,2,,,6525
378648,The Witcher 3: Wild Hunt - Blood and Wine,319840,8506,640,93.0,0.0,RPG,2,,,9146
1637320,Dome Keeper,287840,14658,1450,91.0,0.0,Action,2,,,16108
1139980,Travellers Rest,215840,13575,1343,91.0,0.0,Adventure,2,,,14918
1145360,Hades,399840,260262,16613,94.0,0.0,Action,2,,,276875
1522820,Orcs Must Die! 3,95840,8243,2462,77.0,0.0,Action,2,,,10705
1435790,Escape Simulator,319840,14608,1445,91.0,0.0,Adventure,2,,,16053
588650,Dead Cells,399840,142776,9113,94.0,0.0,Action,2,,,151889
1657740,Mr. Sleepy Man,271840,178,4,98.0,0.0,Action,2,,,182
2444750,Shape of Dreams,399840,12639,1250,91.0,0.0,Action,2,,,13889
1647550,NEO: The World Ends with You,383840,793,69,92.0,0.0,Action,2,,,862
2352620,Fellowship,399840,10624,3733,74.0,0.0,RPG,2,,,14357
1332010,Stray,479840,143871,5995,96.0,0.0,Adventure,2,,,149866
22370,Fallout 3: Game of the Year Edition,319840,35324,7754,82.0,0.0,RPG,2,,,43078
1929610,Demonologist,319840,14817,3476,81.0,0.0,Action,2,,,18293
42680,Call of Duty®: Modern Warfare® 3 (2011),639840,13904,1047,93.0,0.0,Action,2,,,14951
1817190,Marvel’s Spider-Man: Miles Morales,799840,32983,2483,93.0,0.0,Action,2,,,35466
1171690,Wayfinder,59840,17247,7044,71.0,0.0,Action,2,,,24291
2459550,Emberward,191840,3133,348,90.0,0.0,Indie,2,,,3481
495420,State of Decay 2: Juggernaut Edition,479840,46854,9597,83.0,0.0,Action,2,,,56451
202520,Dungeon Defenders Halloween Costume Pack,7840,0,0,80.0,0.0,Unknown,2,,,0
202521,Dungeon Defenders Halloween Mission Pack,15840,0,0,90.0,0.0,Indie,2,,,0
202524,Dungeon Defenders: Penny Arcade Character Pack,15840,0,0,0.0,0.0,Indie,2,,,0
203700,Dungeon Defenders The Great Turkey Hunt! Mission & Costumes,15840,0,0,75.0,0.0,Action,2,,,0
203701,Dungeon Defenders New Heroes DLC,15840,0,0,78.0,0.0,Action,2,,,0
203702,Dungeon Defenders Warping Core Challenge Mission Pack,15840,0,0,0.0,0.0,Action,2,,,0
204380,Dungeon Defenders - Etherian Holiday Extravaganza,15840,0,0,68.0,0.0,Action,2,,,0
204381,Dungeon Defenders - Quest for the Lost Eternia Shards Part 1,12640,0,0,75.0,0.0,Action,2,,,0
204382,Dungeon Defenders - Quest for the Lost Eternia Shards Part 2,12640,0,0,0.0,0.0,Indie,2,,,0
204383,Dungeon Defenders: Quest for the Lost Eternia Shards Part 3,12640,0,0,0.0,0.0,Action,2,,,0
204384,Dungeon Defenders  - Quest for the Lost Eternia Shards Part 4,12640,0,0,62.0,0.0,Indie,2,,,0
204385,Dungeon Defenders: Assault Mission Pack,15840,0,0,81.0,0.0,Action,2,,,0
204386,Dungeon Defenders: Barbarian Hero DLC,9440,0,0,95.0,0.0,Action,2,,,0
204387,Dungeon Defenders: Etherian Festival of Love,15840,0,0,41.0,0.0,Action,2,,,0
204388,Dungeon Defenders - President's Day Surprise,15840,0,0,73.0,0.0,Action,2,,,0
208540,Dungeon Defenders Lucky Costume Pack,7840,0,0,0.0,0.0,Indie,2,,,0
208541,Dungeon Defenders: Series EV Hero DLC,12640,0,0,90.0,0.0,Indie,2,,,0
208542,Dungeon Defenders - Karathiki Jungle Mission Pack,15840,0,0,0.0,0.0,Indie,2,,,0
208543,Dungeon Defenders: City in the Cliffs Mission Pack,15840,0,0,0.0,0.0,Indie,2,,,0
208544,Dungeon Defenders: Summoner Hero DLC,12640,0,0,94.0,0.0,Indie,2,,,0
208545,Dungeon Defenders: Talay Mining Complex Mission Pack,15840,0,0,80.0,0.0,Indie,2,,,0
208546,Dungeon Defenders: Jester Hero DLC,12640,0,0,92.0,0.0,Indie,2,,,0
222680,Dungeon Defenders Anniversary Pack,0,0,0,86.0,0.0,Action,2,,,0
238230,Dungeon Defenders - The Tinkerer's Lab Mission Pack,15840,0,0,82.0,0.0,Action,2,,,0
1449110,The Outer Worlds 2,1119840,4676,2631,64.0,0.0,Action,2,,,7307
2362060,CODE VEIN II,1119840,2995,998,75.0,0.0,Action,2,,,3993
1262350,SIGNALIS,319840,26446,1688,94.0,0.0,Action,2,,,28134
2001070,Heart of the Machine,239840,1409,210,87.0,0.0,RPG,2,,,1619
1971870,Mortal Kombat 1,799840,24930,5472,82.0,0.0,Action,2,,,30402
1238000,Mass Effect™: Andromeda Deluxe Edition,63840,10343,5569,65.0,0.0,Action,2,,,15912
2479650,SpongeBob SquarePants: Titans of the Tide,428640,836,53,94.0,0.0,Action,2,,,889
2072560,DRAGON BALL GEKISHIN SQUADRA,0,0,0,67.0,0.0,Action,2,,,0
2106840,PARANORMASIGHT: The Seven Mysteries of Honjo,159840,5196,217,96.0,0.0,Adventure,2,,,5413
2133760,Tiny Bookshop,319840,5462,287,95.0,0.0,Casual,2,,,5749
2009350,Out of Ore,399840,2623,922,74.0,0.0,Adventure,2,,,3545
1259420,Days Gone,639840,72088,7130,91.0,0.0,Action,2,,,79218
1288320,Way of the Hunter,119840,6804,1296,84.0,0.0,Adventure,2,,,8100
242050,Assassin’s Creed® IV Black Flag™,639840,60985,9113,87.0,0.0,Action,2,,,70098
1164940,Trepang2,163040,12849,1117,92.0,0.0,Action,2,,,13966
2051620,Enlisted,0,202,51,80.0,0.0,Action,2,,,253
1119730,"Ranch Simulator: Build, Hunt, Farm",399840,29429,7823,79.0,0.0,Simulation,2,,,37252
17390,SPORE™,79840,60014,4517,93.0,0.0,Action,2,,,64531
3258290,Equinox: Homecoming,239840,695,174,80.0,0.0,Massively Multiplayer,2,,,869
1225570,Unravel Two,47840,5427,1442,79.0,0.0,Action,2,,,6869
470220,UNO,159840,19988,21654,48.0,0.0,Casual,2,,,41642
381710,Resident Evil 0 Costume Pack 1,47840,0,0,68.0,0.0,Action,2,,,0
381711,Resident Evil 0 Costume Pack 2,47840,0,0,81.0,0.0,Action,2,,,0
381712,Resident Evil 0 Costume Pack 3,47840,0,0,84.0,0.0,Action,2,,,0
381713,Resident Evil 0 Costume Pack 4,47840,0,0,80.0,0.0,Action,2,,,0
230290,Universe Sandbox,479840,25182,1049,96.0,0.0,Casual,2,,,26231
848450,Subnautica: Below Zero,479840,81318,12151,87.0,0.0,Adventure,2,,,93469
532210,Life is Strange 2,0,19816,2202,90.0,0.0,Adventure,2,,,22018
444200,World of Tanks Blitz,0,594,334,64.0,0.0,Action,2,,,928
1677280,Company of Heroes 3,959840,15370,7233,68.0,0.0,Action,2,,,22603
2524890,Pixel Gun 3D: PC Edition,0,0,0,68.0,0.0,Action,2,,,0
1133870,Space Engineers 2,479840,2486,1225,67.0,0.0,Action,2,,,3711
3061570,Persona5: The Phantom X,0,0,0,0.0,0.0,Adventure,2,,,0
2000950,Call of Duty®: Modern Warfare®,959840,19080,4476,81.0,0.0,Action,2,,,23556
606160,ROUTINE,399840,4806,475,91.0,0.0,Action,2,,,5281
208650,Batman™: Arkham Knight,319840,100368,5282,95.0,0.0,Action,2,,,105650
356190,Middle-earth™: Shadow of War™,799840,75020,10230,88.0,0.0,Action,2,,,85250
1243830,Overcooked! All You Can Eat,639840,3359,1809,65.0,0.0,Casual,2,,,5168
2185060,Two Point Museum,479840,7900,329,96.0,0.0,Casual,2,,,8229
200210,Realm of the Mad God Exalt,0,107,87,55.0,0.0,Action,2,,,194
1440440,Sam & Max Save the World,159840,1525,47,97.0,0.0,Adventure,2,,,1572
1548850,Six Days in Fallujah,639840,6920,5662,55.0,0.0,Action,2,,,12582
860510,Little Nightmares II,158240,42310,5229,89.0,0.0,Adventure,2,,,47539
1850570,DEATH STRANDING DIRECTOR'S CUT,639840,39071,4829,89.0,0.0,Action,2,,,43900
2475490,Mouthwashing,145440,30191,1927,94.0,0.0,Adventure,2,,,32118
975370,Dwarf Fortress,383840,26603,2002,93.0,0.0,Indie,2,,,28605
2191500,Vampires: Bloodlord Rising,319840,859,302,74.0,0.0,Action,2,,,1161
292730,Call of Duty®: Infinite Warfare,959840,15120,1680,90.0,0.0,Action,2,,,16800
1419170,My Singing Monsters,0,0,0,90.0,0.0,Casual,2,,,0
2455640,Romancing SaGa 2: Revenge of the Seven,479840,3342,331,91.0,0.0,RPG,2,,,3673
1604270,Broken Arrow,799840,13668,11183,55.0,0.0,Strategy,2,,,24851
2993780,FANTASY LIFE i: The Girl Who Steals Time,959840,9825,1599,86.0,0.0,RPG,2,,,11424
212500,The Lord of the Rings Online™,0,145,26,85.0,0.0,Action,2,,,171
1641960,Forever Skies,263840,4597,2818,62.0,0.0,Action,2,,,7415
1263240,Skate Story,255840,1996,41,98.0,0.0,Action,2,,,2037
678950,DRAGON BALL FighterZ,230240,48953,4841,91.0,0.0,Action,2,,,53794
3917090,Assetto Corsa Rally,479840,5962,970,86.0,0.0,Racing,2,,,6932
2457220,Avowed,799840,8686,2743,76.0,0.0,RPG,2,,,11429
8930,Sid Meier's Civilization® V,479840,117729,8861,93.0,0.0,Strategy,2,,,126590
1997040,MARVEL SNAP,0,0,0,67.0,0.0,Casual,2,,,0
427730,Who's Your Daddy?!,159840,20297,5074,80.0,0.0,Action,2,,,25371
1248130,Farming Simulator 22,319840,63853,3361,95.0,0.0,Simulation,2,,,67214
1282270,Strinova,0,0,0,72.0,0.0,Action,2,,,0
504230,Celeste,79840,119612,3699,97.0,0.0,Action,2,,,123311
1611600,WARNO,639840,10792,2532,81.0,0.0,Action,2,,,13324
442010,DARK SOULS™ III - Season Pass,399840,1465,258,85.0,0.0,Action,2,,,1723
2867470,Collector's Cove,287840,0,0,88.0,0.0,Casual,2,,,0
364360,Total War: WARHAMMER,959840,28599,3900,88.0,0.0,Action,2,,,32499
413420,Danganronpa 2: Goodbye Despair,31840,26150,1669,94.0,0.0,Adventure,2,,,27819
872670,SCP: 5K,319840,9631,2114,82.0,0.0,Action,2,,,11745
1266700,Destroy All Humans! 2 - Reprobed,159840,1734,434,80.0,0.0,Action,2,,,2168
1029780,Going Medieval,479840,12534,3134,80.0,0.0,Indie,2,,,15668
228380,Wreckfest,191840,24759,5071,83.0,0.0,Action,2,,,29830
1273400,Construction Simulator,559840,8128,1434,85.0,0.0,Casual,2,,,9562
1898300,ASKA,399840,7286,2301,76.0,0.0,Adventure,2,,,9587
2175540,DRAGON QUEST MONSTERS: The Dark Prince,319840,595,198,75.0,0.0,RPG,2,,,793
3028310,Nordhold,191840,2315,377,86.0,0.0,Indie,2,,,2692
219990,Grim Dawn,399840,81007,7044,92.0,0.0,Action,2,,,88051
2832310,ITER-8,155840,0,0,78.0,0.0,Action,2,,,0
1607680,Bread & Fred,119840,2724,1341,67.0,0.0,Action,2,,,4065
368260,Marvel's Midnight Suns,255840,13705,2610,84.0,0.0,RPG,2,,,16315
2014380,LIVE A LIVE,319840,491,211,70.0,0.0,Adventure,2,,,702
747660,Five Nights at Freddy's: Security Breach,639840,55967,7632,88.0,0.0,Action,2,,,63599
3707400,On-Together: Virtual Co-Working,159840,804,51,94.0,0.0,Casual,2,,,855
2903950,Master Detective Archives: RAIN CODE Plus,383840,1412,375,79.0,0.0,Action,2,,,1787
3669570,Alchemy Factory,287840,1625,222,88.0,0.0,Casual,2,,,1847
2131680,METAL GEAR & METAL GEAR 2: Solid Snake,319840,461,130,78.0,0.0,Action,2,,,591
1501750,Lords of the Fallen,479840,25264,7978,76.0,0.0,Action,2,,,33242
3215050,Surviving Mars: Relaunched,639840,1188,612,66.0,0.0,Simulation,2,,,1800
1274600,The Last Faith,201440,3789,329,92.0,0.0,Action,2,,,4118
424030,War of Rights,479840,12222,643,95.0,0.0,Action,2,,,12865
305620,The Long Dark,319840,88332,16825,84.0,0.0,Adventure,2,,,105157
1747050,Sam & Max: Beyond Time and Space,159840,424,4,99.0,0.0,Adventure,2,,,428
2321470,Deep Rock Galactic: Survivor,145440,36029,8451,81.0,0.0,Action,2,,,44480
3500390,Mega Man Star Force Legacy Collection,639840,0,0,0.0,0.0,Action,2,,,0
466560,Northgard: Definitive Edition,223840,36607,17227,68.0,0.0,Adventure,2,,,53834
2333480,RAID: Shadow Legends,0,0,0,58.0,0.0,Massively Multiplayer,2,,,0
3092660,Reverse: 1999,0,0,0,0.0,0.0,RPG,2,,,0
513710,SCUM,719840,71640,23880,75.0,0.0,Action,2,,,95520
2726490,Hamster Hunter,79840,1605,67,96.0,0.0,Action,2,,,1672
3656800,Train Sim World® 6,639840,907,227,80.0,0.0,Simulation,2,,,1134
214950,Total War: ROME II - Emperor Edition,959840,52179,4537,92.0,0.0,Strategy,2,,,56716
568220,Lobotomy Corporation | Monster Management Simulation,399840,45346,2387,95.0,0.0,Indie,2,,,47733
1066890,Automobilista 2,639840,10097,878,92.0,0.0,Action,2,,,10975
109600,Neverwinter,0,207,89,70.0,0.0,Action,2,,,296
502500,ACE COMBAT™ 7: SKIES UNKNOWN,959840,39058,4827,89.0,0.0,Action,2,,,43885
457140,Oxygen Not Included,399840,124907,5204,96.0,0.0,Indie,2,,,130111
3483740,Cast n Chill,239840,6271,400,94.0,0.0,Casual,2,,,6671
544750,SOULCALIBUR VI,95840,8671,858,91.0,0.0,Action,2,,,9529
1335200,Action Taimanin,0,0,0,77.0,0.0,Action,2,,,0
1974050,Torchlight: Infinite,0,0,0,73.0,0.0,Action,2,,,0
3768760,007 First Light,1119840,0,0,0.0,0.0,Action,2,,,0
1451190,Undisputed,799840,8444,9913,46.0,0.0,Action,2,,,18357
1056640,Phantasy Star Online 2 New Genesis,0,0,0,40.0,0.0,Action,2,,,0
2683150,Ale & Tale Tavern,119840,7362,470,94.0,0.0,Action,2,,,7832
500,Left 4 Dead,159840,53266,2803,95.0,0.0,Action,2,,,56069
397540,Borderlands 3,959840,102219,23977,81.0,0.0,Action,2,,,126196
635260,CarX Drift Racing Online,239840,74609,6488,92.0,0.0,Massively Multiplayer,2,,,81097
1385380,Across the Obelisk,319840,5229,5229,50.0,0.0,Adventure,2,,,10458
1575940,Sins of a Solar Empire II,799840,5128,1532,77.0,0.0,Simulation,2,,,6660
254700,Resident Evil 4 (2005),319840,69694,2904,96.0,0.0,Action,2,,,72598
3265230,Cursed Companions,143840,196,35,85.0,0.0,Action,2,,,231
2161700,Persona 3 Reload,959840,34732,1828,95.0,0.0,Adventure,2,,,36560
886250,Vegas Infinite by PokerStars,0,0,0,55.0,0.0,Casual,2,,,0
534380,Dying Light 2 Stay Human: Reloaded Edition,959840,120005,37896,76.0,0.0,Action,2,,,157901
1942110,Bootstrap Island,359840,739,233,76.0,0.0,Action,2,,,972
206480,Dungeons & Dragons Online®,0,0,0,70.0,0.0,Action,2,,,0
220740,Chaos on Deponia,31840,2044,305,87.0,0.0,Adventure,2,,,2349
287700,METAL GEAR SOLID V: THE PHANTOM PAIN,319840,65553,5700,92.0,0.0,Action,2,,,71253
2420110,Horizon Forbidden West™ Complete Edition,959840,15672,2985,84.0,0.0,Action,2,,,18657
516750,My Summer Car,239840,95719,7205,93.0,0.0,Indie,2,,,102924
1222690,Dragon Age™ Inquisition,159840,13121,5359,71.0,0.0,Action,2,,,18480
3901910,The Liar Princess and the Blind Prince,214240,165,11,94.0,0.0,Action,2,,,176
3819640,Megastore Simulator,223840,460,45,91.0,0.0,Casual,2,,,505
2716400,The Rise of the Golden Idol,223840,2861,586,83.0,0.0,Adventure,2,,,3447
312750,Final Fantasy IV (3D Remake),102240,2182,447,83.0,0.0,RPG,2,,,2629
2634950,Tokyo Xtreme Racer,799840,12735,1737,88.0,0.0,Racing,2,,,14472
1222140,Detroit: Become Human,639840,193672,5990,97.0,0.0,Action,2,,,199662
3454650,BitCraft Online,255840,2078,768,73.0,0.0,Indie,2,,,2846
1995520,Pax Dei,287840,4624,2078,69.0,0.0,Massively Multiplayer,2,,,6702
1942280,Brotato,79840,98203,6268,94.0,0.0,Action,2,,,104471
3467040,Bookshop Simulator,255840,765,67,92.0,0.0,Simulation,2,,,832
812140,Assassin's Creed® Odyssey,959840,142685,23228,86.0,0.0,Action,2,,,165913
552100,Brick Rigs,319840,47766,2514,95.0,0.0,Simulation,2,,,50280
1044720,Farthest Frontier,559840,19323,3146,86.0,0.0,Indie,2,,,22469
410340,Liftoff®: FPV Drone Racing,319840,11951,498,96.0,0.0,Indie,2,,,12449
2305640,Bladesong,319840,931,49,95.0,0.0,Indie,2,,,980
2488370,Cash Cleaner Simulator,319840,5941,588,91.0,0.0,Casual,2,,,6529
4197990,Cargo Hunters,255840,133,35,79.0,0.0,Action,2,,,168
1627570,The Plucky Squire,158240,1867,590,76.0,0.0,Adventure,2,,,2457
1880620,Once Upon A KATAMARI,479840,873,374,70.0,0.0,Action,2,,,1247
335300,DARK SOULS™ II: Scholar of the First Sin,639840,63364,16844,79.0,0.0,Action,2,,,80208
1222730,STAR WARS™: Squadrons,63840,13333,11357,54.0,0.0,Action,2,,,24690
1677770,The Case of the Golden Idol,129440,8486,447,95.0,0.0,Adventure,2,,,8933
3167020,Escape From Duckov,287840,68667,12118,85.0,0.0,Action,2,,,80785
433340,Slime Rancher,319840,131134,2676,98.0,0.0,Action,2,,,133810
756800,Contraband Police,479840,22141,1165,95.0,0.0,Action,2,,,23306
1904480,Absolum,399840,6695,1182,85.0,0.0,Action,2,,,7877
2677660,Indiana Jones and the Great Circle,1119840,10886,947,92.0,0.0,Action,2,,,11833
2169200,Sniper Elite: Resistance,799840,3395,695,83.0,0.0,Action,2,,,4090
1005300,The Jackbox Party Pack 6,479840,2187,115,95.0,0.0,Casual,2,,,2302
1357210,Galactic Civilizations IV,255840,1583,446,78.0,0.0,Simulation,2,,,2029
2440510,Forza Motorsport,1119840,6524,4921,57.0,0.0,Racing,2,,,11445
2909110,Nuclear Nightmare,111840,10658,3366,76.0,0.0,Action,2,,,14024
934700,Dead Island 2,799840,13584,4290,76.0,0.0,Action,2,,,17874
17470,Dead Space (2008),127840,19847,2453,89.0,0.0,Action,2,,,22300
2918150,ONE PIECE Bounty Rush,0,0,0,71.0,0.0,Action,2,,,0
611670,The Elder Scrolls V: Skyrim VR,959840,4988,3920,56.0,0.0,RPG,2,,,8908
471710,Rec Room,0,90,20,82.0,0.0,Adventure,2,,,110
2707490,Tower Factory,191840,980,74,93.0,0.0,Simulation,2,,,1054
16900,GROUND BRANCH,479840,16317,4338,79.0,0.0,Action,2,,,20655
1385290,Pizza Slice,191840,0,0,73.0,0.0,Casual,2,,,0
555950,Danganronpa Another Episode: Ultra Despair Girls,47840,4452,2000,69.0,0.0,Action,2,,,6452
3868650,Fallout 4 - Creations Bundle,319840,122,555,18.0,0.0,RPG,2,,,677
404090,Fallout 4 Season Pass,559840,804,1633,33.0,0.0,RPG,2,,,2437
1629520,A Little to the Left,239840,14217,1070,93.0,0.0,Casual,2,,,15287
24010,Train Simulator Classic,479840,16227,2864,85.0,0.0,Simulation,2,,,19091
3747730,Legacy of Kain: Defiance Remastered,399840,357,11,97.0,0.0,Action,2,,,368
1295920,The Mortuary Assistant,399840,5487,1459,79.0,0.0,Adventure,2,,,6946
1016920,Unrailed!,47840,12861,677,95.0,0.0,Action,2,,,13538
3417410,Storebound,95840,405,89,82.0,0.0,Action,2,,,494
613100,House Flipper,399840,84026,6325,93.0,0.0,Indie,2,,,90351
3058630,Assetto Corsa EVO,639840,5310,9441,36.0,0.0,Racing,2,,,14751
1574240,Dread Delusion,159840,3789,669,85.0,0.0,Action,2,,,4458
552520,Far Cry® 5,959840,137667,30220,82.0,0.0,Action,2,,,167887
3017860,DOOM: The Dark Ages,1119840,22792,2817,89.0,0.0,Action,2,,,25609
1969370,LEGO® Party!,639840,898,57,94.0,0.0,Action,2,,,955
1430190,Killing Floor 3,639840,6416,8506,43.0,0.0,Action,2,,,14922
489630,"Warhammer 40,000: Gladius - Relics of War",639840,6119,1726,78.0,0.0,Strategy,2,,,7845
313120,Stranded Deep,319840,33848,8997,79.0,0.0,Adventure,2,,,42845
601510,Yu-Gi-Oh! Duel Links,0,0,0,71.0,0.0,Strategy,2,,,0
1721110,Abyssus,399840,3129,832,79.0,0.0,Action,2,,,3961
1940340,Darkest Dungeon® II,639840,16038,6551,71.0,0.0,Indie,2,,,22589
2201940,Ship Graveyard Simulator 2,191840,2149,1209,64.0,0.0,Action,2,,,3358
1062520,Dinkum,319840,21598,2400,90.0,0.0,Adventure,2,,,23998
824270,KovaaK's,159840,34028,1418,96.0,0.0,Action,2,,,35446
3994610,Monster Lab Simulator,207840,271,111,71.0,0.0,Casual,2,,,382
632470,Disco Elysium - The Final Cut,639840,100155,12379,89.0,0.0,RPG,2,,,112534
1522160,Disney Epic Mickey: Rebrushed,319840,1073,81,93.0,0.0,Action,2,,,1154
1272080,PAYDAY 3,479840,26949,20330,57.0,0.0,Action,2,,,47279
1538550,LEGO® Voyagers,279840,1340,117,92.0,0.0,Adventure,2,,,1457
262060,Darkest Dungeon®,399840,123199,13689,90.0,0.0,Indie,2,,,136888
509980,BIGFOOT,319840,15318,2089,88.0,0.0,Action,2,,,17407
3825780,WonderKing,0,0,0,54.0,0.0,Massively Multiplayer,2,,,0
29720,Guild Wars® Reforged,319840,2448,242,91.0,0.0,Action,2,,,2690
1469610,Last Train Home,211040,3451,758,82.0,0.0,Strategy,2,,,4209
3430340,Dice A Million,207840,514,63,89.0,0.0,Indie,2,,,577
1665460,eFootball™,0,786,423,65.0,0.0,Simulation,2,,,1209
3211850,Calyx,319840,239,33,88.0,0.0,Strategy,2,,,272
3151380,Small Spaces,207840,804,176,82.0,0.0,Casual,2,,,980
3314060,The Sims™ Legacy Collection,191840,1744,357,83.0,0.0,Casual,2,,,2101
2240620,UNBEATABLE,447840,4307,227,95.0,0.0,Adventure,2,,,4534
10090,Call of Duty: World at War,319840,40381,4487,90.0,0.0,Action,2,,,44868
3124340,Demeo x Dungeons & Dragons: Battlemarked,479840,775,159,83.0,0.0,Adventure,2,,,934
3024040,Stronghold Crusader: Definitive Edition,319840,8468,541,94.0,0.0,Simulation,2,,,9009
469600,Legion TD 2 - Multiplayer Tower Defense,119840,9975,2190,82.0,0.0,Casual,2,,,12165
2947280,Solateria,287840,89,30,75.0,0.0,Action,2,,,119
1895900,1348 Ex Voto,359840,213,204,51.0,0.0,Action,2,,,417
1162750,Songs of Syx,399840,6561,729,90.0,0.0,Casual,2,,,7290
3400930,Guilty as Sock!,88000,3563,486,88.0,0.0,Casual,2,,,4049
2217000,Rivals of Aether II,479840,4360,1869,70.0,0.0,Action,2,,,6229
2680010,The First Berserker: Khazan,959840,17309,1923,90.0,0.0,Action,2,,,19232
2238470,Grimshire,239840,2145,89,96.0,0.0,Indie,2,,,2234
1150690,OMORI,319840,73362,3861,95.0,0.0,Adventure,2,,,77223
1029690,Sniper Elite 5,799840,20072,2999,87.0,0.0,Action,2,,,23071
1133760,CHRONO CROSS: THE RADICAL DREAMERS EDITION,127840,1144,899,56.0,0.0,Adventure,2,,,2043
916440,Anno 1800,959840,22324,5934,79.0,0.0,Simulation,2,,,28258
3551340,Football Manager 26,959840,8864,8865,50.0,0.0,Simulation,2,,,17729
2844850,FANTASIAN Neo Dimension,399840,326,127,72.0,0.0,RPG,2,,,453
1121640,The Wandering Village,239840,6724,585,92.0,0.0,Simulation,2,,,7309
2552440,KINGDOM HEARTS HD 2.8 Final Chapter Prologue,479840,485,31,94.0,0.0,Action,2,,,516
490110,The Precinct,359840,5947,1049,85.0,0.0,Action,2,,,6996
1601580,Frostpunk 2,719840,13590,5825,70.0,0.0,Simulation,2,,,19415
1092790,Inscryption,319840,122158,7797,94.0,0.0,Adventure,2,,,129955
1159690,Voidtrain,479840,5517,2478,69.0,0.0,Action,2,,,7995
2212330,Your Only Move Is HUSTLE,79840,32922,1372,96.0,0.0,Action,2,,,34294
1443200,Class of '09,159840,7065,614,92.0,0.0,Casual,2,,,7679
1790930,Crisol: Theater of Idols,287840,2511,375,87.0,0.0,Action,2,,,2886
3590,Plants vs. Zombies GOTY Edition,79840,133919,4142,97.0,0.0,Strategy,2,,,138061
816340,Kingdom Rush Origins - Tower Defense,119840,6878,213,97.0,0.0,Indie,2,,,7091
1566200,Tape to Tape,319840,2841,351,89.0,0.0,Action,2,,,3192
3195790,White Knuckle,239840,7363,470,94.0,0.0,Early Access,2,,,7833
236110,Dungeon Defenders II,0,1969,1014,66.0,0.0,Action,2,,,2983
289650,Assassin's Creed® Unity,479840,56410,18803,75.0,0.0,Action,2,,,75213
239120,Final Fantasy III (3D Remake),102240,2198,732,75.0,0.0,RPG,2,,,2930
1573360,Infinity Kingdom,0,0,0,30.0,0.0,Adventure,2,,,0
558990,Opus Magnum,319840,5251,53,99.0,0.0,Indie,2,,,5304
633230,NARUTO TO BORUTO: SHINOBI STRIKER,319840,31767,10589,75.0,0.0,Action,2,,,42356
3642000,Space Warlord Baby Trading Simulator,319840,370,8,98.0,0.0,Simulation,2,,,378
3008740,Winter Burrow,319840,2125,136,94.0,0.0,Adventure,2,,,2261
590830,s&box,0,0,0,0.0,0.0,Action,2,,,0
221680,Rocksmith® 2014 Edition REMASTERED LEARN & PLAY,159840,11569,3653,76.0,0.0,Casual,2,,,15222
386940,Ultimate Chicken Horse,239840,37663,1982,95.0,0.0,Action,2,,,39645
1874170,Shredders,287840,3344,291,92.0,0.0,Action,2,,,3635
1989270,Slay the Princess — The Pristine Cut,287840,26832,1713,94.0,0.0,Adventure,2,,,28545
2627260,NINJA GAIDEN 4,1119840,5910,1386,81.0,0.0,Action,2,,,7296
2828860,The Forever Winter,311840,8312,11478,42.0,0.0,Action,2,,,19790
1281220,Task Force Admiral - Vol.1: American Carrier Battles,639840,391,39,91.0,0.0,Action,2,,,430
2208920,Assassin's Creed Valhalla,959840,25158,12392,67.0,0.0,Action,2,,,37550
1151640,Horizon Zero Dawn™ Complete Edition,0,78991,16179,83.0,0.0,Action,2,,,95170
3654560,Plants vs. Zombies™: Replanted,319840,4301,1285,77.0,0.0,Strategy,2,,,5586
233860,Kenshi,479840,87950,4629,95.0,0.0,Action,2,,,92579
1672970,Minecraft Dungeons,319840,12178,2320,84.0,0.0,Action,2,,,14498
1677350,EA SPORTS™ PGA TOUR™,111840,1459,539,73.0,0.0,RPG,2,,,1998
47810,Dragon Age: Origins - Ultimate Edition,119840,20716,6906,75.0,0.0,RPG,2,,,27622
2407830,Trash Goblin,159840,1056,232,82.0,0.0,Casual,2,,,1288
1338490,AFTERBLAST,239840,127,32,80.0,0.0,Action,2,,,159
429050,Feed and Grow: Fish,239840,16174,3550,82.0,0.0,Action,2,,,19724
851850,DRAGON BALL Z: KAKAROT,319840,40460,2583,94.0,0.0,Action,2,,,43043
2384580,DYNASTY WARRIORS: ORIGINS,1119840,16438,2032,89.0,0.0,Action,2,,,18470
3949290,Ys X: Proud Nordics,1119840,0,0,73.0,0.0,Action,2,,,0
32470,STAR WARS™ Empire at War - Gold Pack,319840,34891,0,100.0,0.0,Strategy,2,,,34891
2569510,MLB Rivals,0,0,0,83.0,0.0,Sports,2,,,0
1084160,Jagged Alliance 3,215840,8620,1765,83.0,0.0,Action,2,,,10385
1258080,Shop Titans,0,0,0,70.0,0.0,Adventure,2,,,0
19680,Alice: Madness Returns,31840,22120,3016,88.0,0.0,Action,2,,,25136
1552350,The Jackbox Party Pack 8,479840,1006,112,90.0,0.0,Casual,2,,,1118
2658510,Animal Shelter 2,399840,743,152,83.0,0.0,Adventure,2,,,895
1032430,Blood Trail,399840,5104,1525,77.0,0.0,Action,2,,,6629
1961460,PROJECT: PLAYTIME,0,0,0,83.0,0.0,Action,2,,,0
1941540,Mafia: The Old Country,799840,11678,6569,64.0,0.0,Action,2,,,18247
1887840,Another Crab's Treasure,287840,14223,1580,90.0,0.0,Action,2,,,15803
2886620,Hive Blight,159840,0,0,95.0,0.0,RPG,2,,,0
2904000,The Spell Brigade,159840,9777,1725,85.0,0.0,Action,2,,,11502
933110,Age of Empires III: Definitive Edition,0,32160,3975,89.0,0.0,Strategy,2,,,36135
400,Portal,159840,163087,3328,98.0,0.0,Action,2,,,166415
2172010,Until Dawn™,959840,2683,366,88.0,0.0,Adventure,2,,,3049
393080,Call of Duty®: Modern Warfare® Remastered (2017),639840,9400,3133,75.0,0.0,Action,2,,,12533
3716600,Mage Arena,43040,13874,3469,80.0,0.0,Action,2,,,17343
3525970,Horripilant,127840,1231,107,92.0,0.0,Casual,2,,,1338
1286990,CONSCRIPT: Director’s Cut,108640,1484,241,86.0,0.0,Action,2,,,1725
1049590,Eternal Return,0,72,35,67.0,0.0,Indie,2,,,107
803330,Destroy All Humans!,95840,7716,1052,88.0,0.0,Action,2,,,8768
1450900,Desynced,287840,1110,453,71.0,0.0,Simulation,2,,,1563
3179050,Piece by Piece,153440,0,0,94.0,0.0,Casual,2,,,0
1295500,"Warhammer 40,000: Battlesector",639840,4212,574,88.0,0.0,Strategy,2,,,4786
2054970,Dragon's Dogma 2,1119840,50221,23634,68.0,0.0,Action,2,,,73855
867210,Songs of Conquest,119840,8672,3047,74.0,0.0,Adventure,2,,,11719
1954420,Riichi City × Date A LiveⅤ,0,0,0,35.0,0.0,Unknown,2,,,0
288470,Fable Anniversary,559840,12453,1539,89.0,0.0,RPG,2,,,13992
2660460,Aviassembly,159840,7743,239,97.0,0.0,Simulation,2,,,7982
1978590,Anger Foot,127840,2845,388,88.0,0.0,Action,2,,,3233
2131630,METAL GEAR SOLID - Master Collection Version,319840,2987,369,89.0,0.0,Action,2,,,3356
2131640,METAL GEAR SOLID 2: Sons of Liberty - Master Collection Version,319840,2457,185,93.0,0.0,Action,2,,,2642
2131650,METAL GEAR SOLID 3: Snake Eater - Master Collection Version,319840,4487,338,93.0,0.0,Action,2,,,4825
2306740,METAL GEAR SOLID: MASTER COLLECTION Vol.1 BONUS CONTENT,959840,72,46,61.0,0.0,Action,2,,,118
2997230,Planet of Lana II,287840,260,23,92.0,0.0,Action,2,,,283
8870,BioShock Infinite,479840,95176,12978,88.0,0.0,Action,2,,,108154
3373660,Look Outside,159840,10207,208,98.0,0.0,Adventure,2,,,10415
2861590,Machine Mind,287840,202,83,71.0,0.0,Action,2,,,285
389730,TEKKEN 7,159840,59699,7378,89.0,0.0,Action,2,,,67077
774361,Blasphemous,39840,45275,4478,91.0,0.0,Action,2,,,49753
2080690,Sunkenland,319840,13967,5705,71.0,0.0,Action,2,,,19672
39150,FINAL FANTASY VIII,76640,0,0,0.0,0.0,RPG,2,,,7730
704850,Thief Simulator,31840,31480,4704,87.0,0.0,Action,2,,,36184
1609230,Scarlet Hollow,399840,3874,79,98.0,0.0,Adventure,2,,,3953
2198510,New Cycle,239840,1843,648,74.0,0.0,Indie,2,,,2491
814000,ONE PIECE ODYSSEY,383840,1461,934,61.0,0.0,Action,2,,,2395
2069310,RealFlight Evolution,1119840,699,114,86.0,0.0,Indie,2,,,813
1202200,Paleo Pines,119840,1787,134,93.0,0.0,Adventure,2,,,1921
2753970,MARVEL Cosmic Invasion,479840,1467,163,90.0,0.0,Action,2,,,1630
1239080,Door Kickers 2: Task Force North,399840,11077,462,96.0,0.0,Action,2,,,11539
1302240,Labyrinthine,159840,9484,4065,70.0,0.0,Action,2,,,13549
917950,Vellum,191840,1069,119,90.0,0.0,Action,2,,,1188
